Carimbo de data/hora,conta,empresa,COMPRA OU VENDA,QUANTIDADE
2026/09/28 9:03:50 AM GMT-3,3517,PIZZ4,COMPRA,1
2026/09/28 9:04:39 AM GMT-3,2147,PIZZ4,COMPRA,5
2026/09/28 9:05:05 AM GMT-3,2147,PIZZ4,COMPRA,5
2026/09/29 8:41:56 AM GMT-3,Gabriel ,TCPT3,COMPRA,2
2026/09/29 8:58:30 AM GMT-3,4259,TCPT3,COMPRA,2
2026/09/29 9:09:37 AM GMT-3,4483,ECOE3,COMPRA,2
2026/09/29 9:11:05 AM GMT-3,4483,MLUA3,COMPRA,4
2026/09/29 9:12:16 AM GMT-3,6083,MLUA3,COMPRA,2
2026/09/29 9:14:23 AM GMT-3,6237,PIZZ4,COMPRA,10
2026/09/29 9:16:17 AM GMT-3,6237,ECOE3,COMPRA,10
2026/09/29 9:19:31 AM GMT-3,5621,STUR3,COMPRA,4
2026/09/29 9:20:13 AM GMT-3,4591,PIZZ4,COMPRA,6
2026/09/29 9:22:34 AM GMT-3,4591,STUR3,COMPRA,3
2026/09/29 9:27:08 AM GMT-3,5498,TCPT3,COMPRA,10
2026/09/29 9:27:58 AM GMT-3,5498,ROBO3,COMPRA,10
2026/09/29 9:28:24 AM GMT-3,5498,PIZZ4,COMPRA,10
2026/09/30 10:48:09 AM GMT-3,4025,TCPT3,COMPRA,10
2026/09/30 10:48:55 AM GMT-3,4025,MLUA3,COMPRA,10
2026/09/30 10:48:56 AM GMT-3,1094,AGRD3,COMPRA,2
2026/09/30 10:49:11 AM GMT-3,3245,ROBO3,COMPRA,2
2026/09/30 10:49:18 AM GMT-3,1094,PIZZ4,COMPRA,2
2026/09/30 10:49:32 AM GMT-3,4025,TCPT3,COMPRA,10
2026/09/30 10:50:30 AM GMT-3,1942,TCPT3,COMPRA,6
2026/09/30 10:50:55 AM GMT-3,2674,STUR3,COMPRA,2
2026/09/30 10:51:16 AM GMT-3,3672,MECH3,COMPRA,3
2026/09/30 10:51:21 AM GMT-3,8946,PIZZ4,COMPRA,2
2026/09/30 10:51:44 AM GMT-3,8946,MLUA3,COMPRA,3
2026/09/30 10:53:38 AM GMT-3,1582,FAST3,COMPRA,1
2026/09/30 10:53:55 AM GMT-3,1582,STUR3,COMPRA,1
2026/09/30 10:53:57 AM GMT-3,1419,MLUA3,VENDA,2
2026/09/30 10:54:29 AM GMT-3,3517,ROBO3,COMPRA,1
2026/09/30 10:55:01 AM GMT-3,8946,FAST3,COMPRA,4
2026/09/30 10:55:36 AM GMT-3,1419,MLUA3,VENDA,7
2026/09/30 10:55:57 AM GMT-3,1348,PIZZ4,COMPRA,1
2026/09/30 10:56:04 AM GMT-3,1419,STUR3,COMPRA,3
2026/09/30 10:56:05 AM GMT-3,1788,PIZZ4,COMPRA,1
2026/09/30 10:56:49 AM GMT-3,5873,AGRD3,COMPRA,8
2026/09/30 10:57:40 AM GMT-3,2295,PIZZ4,COMPRA,2
2026/09/30 10:57:43 AM GMT-3,1419,PIZZ4,COMPRA,5
2026/09/30 10:58:02 AM GMT-3,1419,AGRD3,COMPRA,9
2026/09/30 10:58:21 AM GMT-3,5873,AMAR3,COMPRA,5
2026/09/30 10:58:51 AM GMT-3,5873,TCPT3,COMPRA,5
2026/09/30 10:59:06 AM GMT-3,1419,MLUA3,COMPRA,7
2026/09/30 10:59:32 AM GMT-3,5873,STUR3,COMPRA,3
2026/09/30 11:01:39 AM GMT-3,2967,ROBO3,COMPRA,2
2026/09/30 11:02:27 AM GMT-3,5873,MECH3,COMPRA,3
2026/09/30 11:02:38 AM GMT-3,2295,AGRD3,COMPRA,2
2026/09/30 11:03:06 AM GMT-3,1276,STUR3,COMPRA,1
2026/09/30 11:03:27 AM GMT-3,5873,PIZZ4,COMPRA,10
2026/09/30 11:03:55 AM GMT-3,5873,PIZZ4,COMPRA,5
2026/09/30 11:04:07 AM GMT-3,1276,STUR3,COMPRA,10
2026/09/30 11:04:40 AM GMT-3,9725,MLUA3,COMPRA,7
